userCMD,action
jarvis open,open file explorer
open file explorer please,open file explorer
open the file explorer,open file explorer
launch file explorer,open file explorer
open the file explorer,open file explorer
access file explorer,open file explorer
start file explorer,open file explorer
begin file explorer,open file explorer
initiate file explorer,open file explorer
bring up file explorer,open file explorer
fire up file explorer,open file explorer
activate file explorer,open file explorer
commence file explorer,open file explorer
unlock file explorer,open file explorer
run file explorer,open file explorer
kick off file explorer,open file explorer
commence file explorer,open file explorer
start up file explorer,open file explorer
turn on file explorer,open file explorer
unleash file explorer,open file explorer
get into file explorer,open file explorer
crank up file explorer,open file explorer
open up the file manager,open file explorer
access the file browser,open file explorer
launch the file navigator,open file explorer
start the file manager,open file explorer
begin the file explorer,open file explorer
fire the file browser,open file explorer
activate the file explorer,open file explorer
unveil file explorer,open file explorer
crack open,open file explorer
release file explorer,open file explorer
set file explorer in motion,open file explorer
jarvis close,close file explorer
close,close file explorer
close the file explorer,close file explorer
exit file explorer,close file explorer
close the file explorer,close file explorer
shut down file explorer,close file explorer
end file explorer,close file explorer
terminate file explorer,close file explorer
wrap up file explorer,close file explorer
conclude file explorer,close file explorer
finish with file explorer,close file explorer
cease file explorer,close file explorer
complete file explorer,close file explorer
close out file explorer,close file explorer
wrap up file explorer,close file explorer
shut file explorer down,close file explorer
conclude operation in file explorer,close file explorer
halt file explorer,close file explorer
bring file explorer to a close,close file explorer
terminate file explorer session,close file explorer
finalize file explorer,close file explorer
stop using file explorer,close file explorer
wind down file explorer,close file explorer
log off file explorer,close file explorer
sign out of file explorer,close file explorer
end the file explorer session,close file explorer
wrap things up in file explorer,close file explorer
call it a day in file explorer,close file explorer
close the file explorer window,close file explorer
finish working in file explorer,close file explorer
put an end to file explorer,close file explorer
log out of file explorer,close file explorer
complete tasks in file explorer,close file explorer
jarvis open paint,open paint
open the paint,open paint
please open paint,open paint
start paint,open paint
open paint,open paint
launch paint,open paint
run paint,open paint
access paint,open paint
begin paint,open paint
fire up paint,open paint
initiate paint,open paint
bring up paint,open paint
commence paint,open paint
start up paint,open paint
activate paint,open paint
load paint,open paint
run microsoft paint,open paint
open up paint,open paint
get into paint,open paint
start the painting program,open paint
kick off paint,open paint
start the drawing tool,open paint
open the paint application,open paint
begin the graphics editor,open paint
unleash paint,open paint
fire the drawing software,open paint
start the illustration tool,open paint
activate the image editor,open paint
turn on paint,open paint
access the painting application,open paint
launch the graphic design tool,open paint
commence the drawing program,open paint
open the paint software,open paint
jarvis close paint,close paint
close the paint,close paint
close paint,close paint
shut down paint,close paint
end paint,close paint
terminate paint,close paint
wrap up paint,close paint
conclude paint,close paint
finish with paint,close paint
cease paint,close paint
complete paint,close paint
close out paint,close paint
wrap up paint,close paint
shut paint down,close paint
conclude operation in paint,close paint
halt paint,close paint
bring paint to a close,close paint
terminate paint session,close paint
finalize paint,close paint
stop using paint,close paint
wind down paint,close paint
log off paint,close paint
sign out of paint,close paint
end the paint session,close paint
wrap things up in paint,close paint
call it a day in paint,close paint
close paint application,close paint
finish working in paint,close paint
put an end to paint,close paint
log out of paint,close paint
complete tasks in paint,close paint
jarvis open browser,open browser
open the browser,open browser
launch the browser,open browser
open up the web browser,open browser
start the browser,open browser
access the internet browser,open browser
initiate the browser,open browser
begin browsing,open browser
fire up the browser,open browser
activate the web browser,open browser
commence online navigation,open browser
get into browsing,open browser
run the browser,open browser
open the internet browser,open browser
start up the web browser,open browser
turn on the browser,open browser
unleash the browser,open browser
load the browser,open browser
begin online exploration,open browser
kick off browsing,open browser
enter the online world,open browser
access the browsing application,open browser
launch the web navigator,open browser
commence web surfing,open browser
open the surfing tool,open browser
activate the browser window,open browser
fire the web explorer,open browser
begin web navigation,open browser
unlock the browser,open browser
set the browser in motion,open browser
start the web journey,open browser
get started with the browser,open browser
jarvis close browser,close browser
close browser,close browser
exit the browser,close browser
close the web browser,close browser
shut down the browser,close browser
end browsing session,close browser
terminate the browser,close browser
wrap up the browsing,close browser
conclude web exploration,close browser
finish with the browser,close browser
cease online navigation,close browser
complete browsing,close browser
close out the browser,close browser
wrap up internet surfing,close browser
shut the browser down,close browser
conclude online session,close browser
halt the browser,close browser
bring browsing to a close,close browser
terminate web navigation,close browser
finalize online activities,close browser
stop using the browser,close browser
wind down internet exploration,close browser
log off the browser,close browser
sign out of web surfing,close browser
end the browsing session,close browser
wrap things up online,close browser
call it a day in the browser,close browser
close the web application,close browser
finish online work,close browser
put an end to web exploration,close browser
log out of online accounts,close browser
complete tasks in the browser,close browser
jarvis open youtube,open youtube
open youtube,open youtube
open the youtube,open youtube
launch youtube,open youtube
open up youtube,open youtube
start youtube,open youtube
access youtube,open youtube
initiate youtube,open youtube
begin youtube,open youtube
fire up youtube,open youtube
activate youtube,open youtube
commence youtube,open youtube
get into youtube,open youtube
run youtube,open youtube
load youtube,open youtube
open the youtube app,open youtube
start up youtube,open youtube
turn on youtube,open youtube
unleash youtube,open youtube
begin video streaming,open youtube
kick off youtube,open youtube
enter the world of youtube,open youtube
access the video platform,open youtube
launch the youtube website,open youtube
commence watching on youtube,open youtube
open the youtube channel,open youtube
activate youtube player,open youtube
fire the video service,open youtube
begin content streaming,open youtube
unlock youtube,open youtube
set youtube in motion,open youtube
start exploring youtube,open youtube
get started with youtube,open youtube
jarvis close youtube,close youtube
close youtube,close youtube
exit youtube,close youtube
close youtube,close youtube
shut down youtube,close youtube
end youtube,close youtube
terminate youtube,close youtube
wrap up youtube,close youtube
conclude youtube,close youtube
finish with youtube,close youtube
cease youtube,close youtube
complete youtube,close youtube
close out youtube,close youtube
wrap up video streaming,close youtube
shut youtube down,close youtube
conclude online video,close youtube
halt youtube,close youtube
bring youtube to a close,close youtube
terminate video session,close youtube
finalize youtube,close youtube
stop using youtube,close youtube
wind down video watching,close youtube
log off youtube,close youtube
sign out of video platform,close youtube
end youtube session,close youtube
wrap things up on youtube,close youtube
call it a day on youtube,close youtube
close the video app,close youtube
finish watching videos,close youtube
put an end to youtube,close youtube
log out of video accounts,close youtube
complete tasks on youtube,close youtube
jarvis what's the time now,time
tell me the time jarvis,time
can you tell the time,time
what is the time now,time
can i know the time,time
can you please tell me the time,time
may i know the time,time
can i know the current time,time
what is the time right now,time
tell me the time,time
share the current time,time
what time is it,time
i need to know the time,time
let me know what time it is,time
inform me of the time,time
what's the time on your watch,time
what's the current time,time
do you have the time,time
can you tell me the time,time
could you inform me of the time,time
provide me with the time please,time
what's on the clock right now,time
could you give me the time,time
could you share the time with me,time
what time does your clock say,time
could you clue me in on the time,time
i'm curious about the time,time
could you let me know the time,time
what time does it show,time
give me the time please,time
may i know the time,time
do you know what time it is,time
can you let me know the time,time
what's the time on your device,time
could you reveal the time,time
could you tell me the time please,time
let me know the time please,time
what time do you have,time
inform me of the current time,time
search in google ,search in google
search for,search in google
google for,search in google
search for,search in google
look up,search in google
find information on,search in google
investigate,search in google
explore,search in google
query for,search in google
seek,search in google
hunt down,search in google
investigate on google,search in google
probe into,search in google
scout for,search in google
delve into,search in google
ferret out,search in google
research about,search in google
examine,search in google
scrutinize,search in google
sift through,search in google
discover,search in google
uncover,search in google
retrieve information on,search in google
browse for,search in google
scan for,search in google
dive into,search in google
examine on google,search in google
seek out,search in google
investigate further,search in google
consult google for,search in google
fetch information on,search in google
take a look at,search in google
jarvis please increase the brightness ,increase brightness
could you brighten the screen,increase brightness
increase brightness,increase brightness
please increase the brightness,increase brightness
could you increase the brightness,increase brightness
boost the light,increase brightness
raise the shine,increase brightness
make it brighter,increase brightness
amp up the glow,increase brightness
increase the brilliance,increase brightness
lift the radiance,increase brightness
intensify the gleam,increase brightness
heighten the luminosity,increase brightness
enhance the brightness,increase brightness
step up the light,increase brightness
make it clearer,increase brightness
brighten it up,increase brightness
lift the brightness,increase brightness
emphasize the glow,increase brightness
add more light,increase brightness
raise the brilliance,increase brightness
amplify the shine,increase brightness
boost the vividness,increase brightness
lift the light,increase brightness
intensify the gleam,increase brightness
enhance the radiance,increase brightness
step up the glow,increase brightness
make it brighter,increase brightness
intensify the brilliance,increase brightness
amp up the luminosity,increase brightness
heighten the shine,increase brightness
increase the radiance,increase brightness
lift the brilliance,increase brightness
brighten the light,increase brightness
make it shine more,increase brightness
jarvis please decrease the brightness ,decrease brightness
could you brighten the screen,decrease brightness
decrease brightness,decrease brightness
please decrease the brightness,decrease brightness
could you decrease the brightness,decrease brightness
lower the light,decrease brightness
dim the shine,decrease brightness
reduce the brightness,decrease brightness
decrease the glow,decrease brightness
lessen the brilliance,decrease brightness
tone down the radiance,decrease brightness
soften the gleam,decrease brightness
lower the luminosity,decrease brightness
diminish the brightness,decrease brightness
tone down the light,decrease brightness
make it fainter,decrease brightness
dim it down,decrease brightness
decrease the brilliance,decrease brightness
cut the shine,decrease brightness
bring down the brightness,decrease brightness
dial back the glow,decrease brightness
lower the vividness,decrease brightness
soften the brilliance,decrease brightness
lessen the light,decrease brightness
dim the gleam,decrease brightness
reduce the radiance,decrease brightness
tone down the glow,decrease brightness
make it less bright,decrease brightness
decrease the luminosity,decrease brightness
lower the brilliance,decrease brightness
dim the shine,decrease brightness
lessen the radiance,decrease brightness
bring down the glow,decrease brightness
decrease the light,decrease brightness
make it dimmer,decrease brightness
jarvis please decrease the volume ,decrease volume
could you brighten the screen,decrease volume
decrease volume,decrease volume
please decrease the volume,decrease volume
could you decrease the volume,decrease volume
lower the sound,decrease volume
reduce the volume,decrease volume
turn it down,decrease volume
decrease the audio,decrease volume
soften the noise,decrease volume
quieten the sound,decrease volume
lower the intensity,decrease volume
hush the volume,decrease volume
diminish the audio,decrease volume
tone down the volume,decrease volume
muffle the sound,decrease volume
bring down the noise,decrease volume
dial back the volume,decrease volume
decrease the decibels,decrease volume
minimize the audio,decrease volume
cut the volume,decrease volume
dampen the sound,decrease volume
ease off on the volume,decrease volume
lower the amplitude,decrease volume
subdue the noise,decrease volume
tone down the loudness,decrease volume
make it quieter,decrease volume
attenuate the volume,decrease volume
lessen the audio,decrease volume
temper the sound,decrease volume
decrease the pitch,decrease volume
diminish the loudness,decrease volume
lower the audio level,decrease volume
mitigate the volume,decrease volume
mellow the sound,decrease volume
jarvis reduce the voulem,decrease volume
reduce the sound,decrease volume
reduce sound,decrease volume
jarvis please increase the volume ,increase volume
could you brighten the screen,increase volume
increase volume,increase volume
please increase the volume,increase volume
could you increase the volume,increase volume
raise the volume,increase volume
turn it up,increase volume
boost the sound,increase volume
amplify the audio,increase volume
enhance the volume,increase volume
crank up the noise,increase volume
up the decibels,increase volume
elevate the sound,increase volume
heighten the volume,increase volume
intensify the audio,increase volume
pump up the volume,increase volume
augment the sound,increase volume
increase the intensity,increase volume
raise the audio level,increase volume
escalate the volume,increase volume
jack up the noise,increase volume
push the volume higher,increase volume
bump up the sound,increase volume
lift the decibels,increase volume
amplify the volume,increase volume
turn up the volume knob,increase volume
maximize the audio,increase volume
enlarge the sound,increase volume
surge the volume,increase volume
step up the noise,increase volume
elevate the audio level,increase volume
heighten the sound,increase volume
crank the volume higher,increase volume
intensify the noise,increase volume
bolster the volume,increase volume
jarvis create a new folder,create folder
create a folder here,create folder
create a foldere for me,create folder
make a folder,create folder
make a new folder,create folder
I need a new folder,create folder
make a fresh directory,create folder
establish a new folder,create folder
generate a folder,create folder
craft a new directory,create folder
set up a fresh folder,create folder
construct a new directory,create folder
formulate a folder,create folder
build a new directory,create folder
initiate a new folder,create folder
develop a directory,create folder
organize a new folder,create folder
shape a new directory,create folder
generate a fresh folder,create folder
establish a folder,create folder
create a brand-new directory,create folder
settle a new folder,create folder
launch a new directory,create folder
institute a new folder,create folder
bring into being a folder,create folder
form a new directory,create folder
create a novel folder,create folder
begin a new directory,create folder
originate a fresh folder,create folder
assemble a new directory,create folder
construct a novel folder,create folder
start a new directory,create folder
form a brand-new folder,create folder
instigate a new directory,create folder
fabricate a fresh folder,create folder
develop a fresh directory,create folder
jarvis delete folder,delete folder
delete the folder,delete folder
delete this folder,delete folder
please delete this folder,delete folder
I need to delete this folder,delete folder
delete folder for me,delete folder
delete this folder please,delete folder
remove the directory,delete folder
erase the folder,delete folder
eliminate the file,delete folder
trash the directory,delete folder
wipe out the folder,delete folder
clear the directory,delete folder
purge the folder,delete folder
abolish the file,delete folder
annihilate the directory,delete folder
expunge the folder,delete folder
scrub the directory,delete folder
obliterate the file,delete folder
discard the folder,delete folder
exterminate the directory,delete folder
zap the file,delete folder
erase the directory,delete folder
dispose of the folder,delete folder
terminate the file,delete folder
scrub out the directory,delete folder
trash the file,delete folder
remove the folder,delete folder
eliminate the directory,delete folder
get rid of the file,delete folder
nix the folder,delete folder
obliterate the directory,delete folder
do away with the file,delete folder
discard the directory,delete folder
wipe away the folder,delete folder
expel the file,delete folder
banish the directory,delete folder
rename this folder,rename folder
rename the folder,rename folder
rename the directory,rename folder
rename this directory,rename folder
jarvis rename folder,rename folder
can you rename this folder,rename folder
jarvis rename this directory,rename folder
relabel this directory,rename folder
change the folder name,rename folder
modify this directory,rename folder
update the folder title,rename folder
alter this directory,rename folder
adjust the folder name,rename folder
transform this folder,rename folder
shift the directory label,rename folder
amend the folder title,rename folder
convert this directory,rename folder
tweak the folder name,rename folder
edit this directory,rename folder
vary the folder title,rename folder
revise this folder,rename folder
shift the directory name,rename folder
adjust the folder label,rename folder
update this directory,rename folder
alter the folder name,rename folder
amend this folder,rename folder
modify the directory title,rename folder
transform the folder label,rename folder
change this directory,rename folder
adapt the folder name,rename folder
adjust this folder,rename folder
rework the directory title,rename folder
convert the folder name,rename folder
tweak this directory,rename folder
shift the folder title,rename folder
vary this folder,rename folder
revise the directory label,rename folder
jarvis create a file,create file
create a file now,create file 
I want to create a file,create file
can you please create a file,create file
I need to create a file,create file
can you create a file for me,create file
Generate a file,create file
Formulate a file,create file
Establish a file,create file
Produce a file,create file
Craft a file,create file
Build a file,create file
Develop a file,create file
Construct a file,create file
Design a file,create file
Generate a document,create file
Initiate a file,create file
Author a file,create file
Compile a file,create file
Shape a file,create file
Invent a file,create file
Draft a file,create file
Concoct a file,create file
Forge a file,create file
Set up a file,create file
Originate a file,create file
Authorize a file,create file
Fabricate a file,create file
Generate a record,create file
Construct a document,create file
Establish a record,create file
Form a file,create file
Assemble a file,create file
Manifest a file,create file
Realize a file,create file
Bring a file into existence,create file
delete a file,delete file
jarvis I want to delete a file,delete file
remove a file,delete file
I need to delete a file,delete file
delete a file for me,delete file
I want to create a file,delete file
remove the file,delete file
erase the file,delete file
delete the file,delete file
wipe out the file,delete file
dispose of the file,delete file
obliterate the file,delete file
expunge the file,delete file
trash the file,delete file
purge the file,delete file
eliminate the file,delete file
unlink the file,delete file
discard the file,delete file
annihilate the file,delete file
eradicate the file,delete file
remove the file permanently,delete file
erase the file from existence,delete file
shred the file,delete file
abolish the file,delete file
dispose of the file data,delete file
clear the file,delete file
exterminate the file,delete file
get rid of the file,delete file
annul the file,delete file
liquidate the file,delete file
cancel the file,delete file
terminate the file,delete file
void the file,delete file
banish the file,delete file
dissolve the file,delete file
scrap the file,delete file
exit,exit
quit,exit
leave,exit
depart,exit
go,exit
close,exit
finish,exit
end,exit
stop,exit
cease,exit
terminate,exit
conclude,exit
break,exit
withdraw,exit
retire,exit
escape,exit
retreat,exit
finish,exit
wrap up,exit
discontinue,exit
abandon,exit
vacate,exit
bail,exit
pull out,exit
give up,exit
shut down,exit
drop out,exit
pull the plug,exit
check out,exit
bow out,exit
jarvis exit,exit
goodbye,exit
bye,exit
jarvis search in google,search in google
search in google ,search in google
search for me in google,search in google
browse in google,search in google
google search,search in google
look up on google,search in google
search on google,search in google
find on google,search in google
google it,search in google
query in google,search in google
seek on google,search in google
explore on google,search in google
investigate with google,search in google
look for on google,search in google
hunt down on google,search in google
research using google,search in google
probe on google,search in google
scan with google,search in google
browse google for,search in google
investigate via google,search in google
examine with google,search in google
scout on google,search in google
look into on google,search in google
fetch from google,search in google
scout out on google,search in google
delve into on google,search in google
fish for on google,search in google
explore through google,search in google
navigate google for,search in google
scrutinize with google,search in google
hunt on google,search in google
retrieve from google,search in google
survey on google,search in google
inspect using google,search in google
open google search,search in google
search in youtube,search in youtube
make youtube seach,search in youtube
search in youtube,search in youtube
jarvis browser in youtube,search in youtube
youtube search,search in youtube
look up on youtube,search in youtube
search on youtube,search in youtube
find on youtube,search in youtube
youtube it,search in youtube
query in youtube,search in youtube
seek on youtube,search in youtube
explore on youtube,search in youtube
investigate with youtube,search in youtube
look for on youtube,search in youtube
hunt down on youtube,search in youtube
research using youtube,search in youtube
probe on youtube,search in youtube
scan with youtube,search in youtube
browse youtube for,search in youtube
investigate via youtube,search in youtube
examine with youtube,search in youtube
scout on youtube,search in youtube
look into on youtube,search in youtube
fetch from youtube,search in youtube
scout out on youtube,search in youtube
delve into on youtube,search in youtube
fish for on youtube,search in youtube
explore through youtube,search in youtube
navigate youtube for,search in youtube
scrutinize with youtube,search in youtube
hunt on youtube,search in youtube
retrieve from youtube,search in youtube
survey on youtube,search in youtube
inspect using youtube,search in youtube
jarvis search in wikipedia,search in wikipedia
I want to search in wikipedia,search in wikipedia
search in wikipedia,search in wikipedia
open wikipedia search ,search in wikipedia
make a search in wikipedia,search in wikipedia
investigate on wikipedia,search in wikipedia
look up in wikipedia,search in wikipedia
explore on wikipedia,search in wikipedia
examine in wikipedia,search in wikipedia
seek information on wikipedia,search in wikipedia
probe in wikipedia,search in wikipedia
delve into wikipedia,search in wikipedia
research on wikipedia,search in wikipedia
browse wikipedia,search in wikipedia
inspect in wikipedia,search in wikipedia
scrutinize on wikipedia,search in wikipedia
navigate through wikipedia,search in wikipedia
scan wikipedia,search in wikipedia
hunt for details in wikipedia,search in wikipedia
investigate on wikipedia,search in wikipedia
explore entries in wikipedia,search in wikipedia
peruse wikipedia,search in wikipedia
refer to wikipedia,search in wikipedia
consult wikipedia,search in wikipedia
study on wikipedia,search in wikipedia
uncover in wikipedia,search in wikipedia
seek out in wikipedia,search in wikipedia
examine wikipedia,search in wikipedia
dig into wikipedia,search in wikipedia
retrieve information from wikipedia,search in wikipedia
look into wikipedia,search in wikipedia
check wikipedia,search in wikipedia
review wikipedia,search in wikipedia
go through wikipedia,search in wikipedia
investigate the pages of wikipedia,search in wikipedia
what is the temperature now,temperature
tell me the temperature,temperature
may I know the temperature,temperature
say the temperature,temperature
jarvis what is the temperature,temperature
temperature please,temperature
what's the temp,temperature
tell me temp,temperature
is it warm,temperature
temperature now,temperature
how hot is it,temperature
any warmth,temperature
current temp,temperature
what temp,temperature
tell temp,temperature
temp right now,temperature
give me temperature,temperature
current temperature,temperature
what's the heat,temperature
temp outside,temperature
give me temp,temperature
is it cold,temperature
temperature check,temperature
how cold,temperature
tell me weather,temperature
warm or cold,temperature
outdoor temp,temperature
give temperature,temperature
tell me hotness,temperature
what's outside,temperature
how warm,temperature
any chill,temperature
current temperature,temperature
tell me warmth,temperature
outdoor temperature,temperature
jarvis set alarm ,alarm
set an alarm,alarm
I want to set a alarm,alarm
I need to set alarm,alarm
Alarm please,alarm
set alarm,alarm
establish alarm,alarm
schedule alarm,alarm
arrange alarm,alarm
fix alarm,alarm
configure alarm,alarm
program alarm,alarm
activate alarm,alarm
initiate alarm,alarm
enable alarm,alarm
adjust alarm,alarm
determine alarm,alarm
define alarm,alarm
appoint alarm,alarm
select alarm,alarm
settle alarm,alarm
organize alarm,alarm
orchestrate alarm,alarm
put alarm,alarm
place alarm,alarm
install alarm,alarm
create alarm,alarm
settle alarm,alarm
position alarm,alarm
lay alarm,alarm
lay down alarm,alarm
settle alarm,alarm
establish alarm,alarm
formulate alarm,alarm
decide alarm,alarm
pause the video,pause video
jarvis pause the video,pause video
jarvis pause video,pause video
could you pause the video,pause video
i want to pause the video,pause video
would you mind pausing the video,pause video
can you pause video,pause video
pause youtube video,pause video
pause the youtube video,pause video
jarvis pause the youtube video,pause video
jarvis pause the youtube video,pause video
could you pause the youtube video,pause video
i want to pause the youtube video,pause video
would you mind pausing the youtube video,pause video
can you pause youtube video,pause video
pause youtube video,pause video
please pause youtube video,pause video
please pause the video,pause video
jarvis pause youtube video,pause video
play the video,play video
jarvis play the video,play video
jarvis play video,play video
could you play the video,play video
i want to play the video,play video
would you mind pausing the video,play video
can you play video,play video
play youtube video,play video
play the youtube video,play video
jarvis play the youtube video,play video
jarvis play the youtube video,play video
could you play the youtube video,play video
i want to play the youtube video,play video
would you mind pausing the youtube video,play video
can you play youtube video,play video
play youtube video,play video
please play youtube video,play video
please play the video,play video
jarvis play youtube video,play video
jarvis turn down the video volume,video volume down
jarvis reduce the video volume,video volume down
decrease the video volume,video volume down
i want to decrease the video volume,video volume down
i need to reduce video volume,video volume down
decrease video volume,video volume down
i need to reduce video volume,video volume down
jarvis turn down the youtube video volume,video volume down
jarvis reduce the youtube video volume,video volume down
decrease the youtube video volume,video volume down
i want to decrease the youtube video volume,video volume down
i need to reduce youtube video volume,video volume down
decrease youtube video volume,video volume down
i need to reduce youtube video volume,video volume down
mute the video,mute video
jarvis mute the video,mute video
jarvis mute video,mute video
could you mute the video,mute video
i want to mute the video,mute video
would you mind pausing the video,mute video
can you mute video,mute video
mute youtube video,mute video
mute the youtube video,mute video
jarvis mute the youtube video,mute video
jarvis mute the youtube video,mute video
could you mute the youtube video,mute video
i want to mute the youtube video,mute video
would you mind pausing the youtube video,mute video
can you mute youtube video,mute video
mute youtube video,mute video
please mute youtube video,mute video
please mute the video,mute video
jarvis mute youtube video,mute video
jarvis set remainder ,remainder
set an remainder,remainder
I want to set a remainder,remainder
I need to set remainder,remainder
remainder please,remainder
set remainder,remainder
establish remainder,remainder
schedule remainder,remainder
arrange remainder,remainder
fix remainder,remainder
configure remainder,remainder
program remainder,remainder
activate remainder,remainder
initiate remainder,remainder
enable remainder,remainder
adjust remainder,remainder
determine remainder,remainder
define remainder,remainder
appoint remainder,remainder
select remainder,remainder
settle remainder,remainder
organize remainder,remainder
orchestrate remainder,remainder
put remainder,remainder
place remainder,remainder
install remainder,remainder
create remainder,remainder
settle remainder,remainder
position remainder,remainder
lay remainder,remainder
lay down remainder,remainder
settle remainder,remainder
establish remainder,remainder
formulate remainder,remainder
decide remainder,remainder
open my playlist,playlist
create a new playlist,playlist
add tracks to my playlist,playlist
play my playlist,playlist
remove songs from playlist,playlist
shuffle my playlist,playlist
edit my playlist,playlist
loop my playlist,playlist
start a playlist,playlist
clear my playlist,playlist
organize my playlist,playlist
sort my playlist,playlist
load my playlist,playlist
begin a new playlist,playlist
manage my playlist,playlist
save my playlist,playlist
access my playlist,playlist
review my playlist,playlist
handle my playlist,playlist
listen to my playlist,playlist
manage my playlist,playlist
delete my playlist,playlist
set up my playlist,playlist
adjust my playlist,playlist
rearrange my playlist,playlist
monitor my playlist,playlist
view my playlist,playlist
select my playlist,playlist
change my playlist,playlist
browse my playlist,playlist
present the freshest updates,latest news
exhibit the latest news stories,latest news
share the newest developments,latest news
feature the latest breaking news,latest news
showcase the up-to-date information,latest news
reveal the most recent news items,latest news
illustrate the most recent news reports,latest news
disclose the freshest news stories,latest news
broadcast the most recent news events,latest news
discern the latest news alerts,latest news
portray the latest news headlines,latest news
expose the latest news bulletins,latest news
share the latest news flashes,latest news
provide the newest news summaries,latest news
unravel the latest news scoop,latest news
showcase the newest news features,latest news
deliver the latest news updates,latest news
illustrate the latest news stories,latest news
broadcast the latest news updates,latest news
unveil the latest news articles,latest news
unveil the latest news articles,latest news
share the latest news features,latest news
unveil the latest news developments,latest news
present the freshest news updates,latest news
broadcast the latest news headlines,latest news
feature the newest news items,latest news
showcase the latest news reports,latest news
display the most recent news events,latest news
highlight the latest news stories,latest news
reveal the latest news headlines,latest news
jarvis show me some latest news,latest news
what is the latest news,latest news
show me latest news,latest news
show me some headlines,latest news
display news,latest news
can you tell news,latest news
display some news,latest news
open jarvis calculator,calculator
open calculator now,calculator
i want to open jarvis calculator,calculator
jarvis open calculator,calculator
can you open calculator,calculator
start calculator,calculator
launch calculator,calculator
activate calculator,calculator
run calculator,calculator
access calculator,calculator
begin calculator,calculator
load calculator,calculator
turn on calculator,calculator
fire up calculator,calculator
initiate calculator,calculator
pull up calculator,calculator
enable calculator,calculator
call up calculator,calculator
open calculator app,calculator
get calculator running,calculator
bring up calculator,calculator
invoke calculator,calculator
access math tool,calculator
access math calculator,calculator
start math tool,calculator
open math calculator,calculator
start the calculator,calculator
load up calculator,calculator
turn on math calculator,calculator
fire off calculator,calculator
start up calculator,calculator
access tool,calculator
activate math tool,calculator
get math tool running,calculator
call up math calculator,calculator
i want to send a message in whatsapp,whatsapp
i want to message someone in whatsapp,whatsapp
jarvis i need to message someone through whatsapp,whatsapp
i need to send a message in whatsapp,whatsapp
i wanna send a msg in whatsapp,whatsapp
i have to send a msg in whatsapp,whatsapp
i gotta send a msg in whatsapp,whatsapp
i wanna text in whatsapp,whatsapp
i gotta send a message in whatsapp,whatsapp
i gotta message in whatsapp,whatsapp
i need to send a txt in whatsapp,whatsapp
i need to send a whatsapp msg,whatsapp
i gotta whatsapp,whatsapp
i wanna send a txt on whatsapp,whatsapp
i have to message in whatsapp,whatsapp
i wanna text on whatsapp,whatsapp
i have to send a whatsapp,whatsapp
i wanna whatsapp,whatsapp
i have to text in whatsapp,whatsapp
i have to send a whatsapp msg,whatsapp
i need to whatsapp,whatsapp
i gotta send a text in whatsapp,whatsapp
i need to send a whatsapp message,whatsapp
i need to text in whatsapp,whatsapp
i gotta send a whatsapp message,whatsapp
i need to message on whatsapp,whatsapp
i have to send a text on whatsapp,whatsapp
i wanna whatsapp message,whatsapp
i have to send a msg on whatsapp,whatsapp
i wanna whatsapp msg,whatsapp
i have to whatsapp,whatsapp
i have to send a txt on whatsapp,whatsapp
i have to send a whatsapp text,whatsapp
jarvis shut down the system,shut down
shut down the system,shut down
shut down the laptop,shut down
shut down the laptop,shut down
turn off the computer,shut down
power down the pc,shut down
shut the laptop down,shut down
turn off the machine,shut down
power down the device,shut down
shut the computer down,shut down
turn the laptop off,shut down
shut the pc down,shut down
power off the computer,shut down
turn the machine off,shut down
shut the device down,shut down
close the laptop,shut down
stop the computer,shut down
shut off the pc,shut down
end the laptop,shut down
cease the computer,shut down
close the pc,shut down
terminate the laptop,shut down
finish the computer,shut down
stop the machine,shut down
end the device,shut down
close down the laptop,shut down
stop the pc,shut down
end the machine,shut down
close down the computer,shut down
stop the device,shut down
end the pc,shut down
close the machine,shut down
stop the laptop,shut down
can you schedule my day,schedule
jarvis schedule my day,schedule
schedule the activities,schedule
schedule my day,schedule
can you schedule my day,schedule
schedule my tasks,schedule
schedule arrange my day,schedule
schedule set my day,schedule
schedule organize my day,schedule
schedule plan my day,schedule
schedule structure my day,schedule
schedule timetable my day,schedule
schedule plot my day,schedule
schedule chart my day,schedule
schedule program my day,schedule
schedule map out my day,schedule
schedule fix my day,schedule
schedule block out my day,schedule
schedule arrange the day,schedule
schedule set up my day,schedule
schedule order my day,schedule
schedule slot my day,schedule
schedule roster my day,schedule
schedule slate my day,schedule
schedule line up my day,schedule
schedule arrange for my day,schedule
schedule order up my day,schedule
schedule fix up my day,schedule
schedule timetable out my day,schedule
schedule pencil in my day,schedule
schedule mark out my day,schedule
schedule diarize my day,schedule
schedule book in my day,schedule
schedule regulate my day,schedule
schedule program out my day,schedule
schedule map my day,schedule
open scheduler,schedule
check my internet speed,internet speed
jarvis tell me the speed of internet,internet speed
what is the intenet speed,internet speed
jarvis internet speed,internet speed
tell me the internet speed,internet speed
share the internet speed,internet speed
what is our internet speed,internet speed
the internet speed please,internet speed
what's the speed,internet speed
update on internet speed,internet speed
status of internet speed,internet speed
kindly report internet speed,internet speed
internet speed details,internet speed
current internet speed,internet speed
our internet speed,internet speed
show internet speed,internet speed
display internet speed,internet speed
inform about internet speed,internet speed
internet speed specifics,internet speed
internet speed status,internet speed
internet speed info,internet speed
please provide internet speed,internet speed
internet speed confirmation,internet speed
internet speed now,internet speed
internet speed please,internet speed
how fast is the internet,internet speed
internet speed update,internet speed
internet speed details please,internet speed
share the current speed,internet speed
speed of the internet,internet speed
our current internet speed,internet speed
the speed please,internet speed
speed check,internet speed
measure internet speed,internet speed
jarvis tell me the cricket score,cricket score
what is score in cricket,cricket score
what is the cricket score,cricket score
tell me the cricket score,cricket score
share the cricket score,cricket score
the cricket score please,cricket score
cricket score now,cricket score
update on cricket score,cricket score
status of cricket score,cricket score
kindly report cricket score,cricket score
cricket score details,cricket score
current cricket score,cricket score
show cricket score,cricket score
display cricket score,cricket score
inform about cricket score,cricket score
cricket score specifics,cricket score
cricket score info,cricket score
please provide cricket score,cricket score
cricket score confirmation,cricket score
"cricket score, now",cricket score
"cricket score, please",cricket score
how's the cricket score,cricket score
cricket score update,cricket score
cricket score details please,cricket score
share the current score,cricket score
score of the cricket match,cricket score
"current score, please",cricket score
what's the score,cricket score
update on the score,cricket score
status of the score,cricket score
kindly report the score,cricket score
details of the score,cricket score
lets play a game,games
can we play some games,games
I want to play games,games
open jarvis game center,games
lets play game,games
lets play a game,games
lets have fun,games
ready to play,games
game time,games
lets get gaming,games
lets play together,games
lets have some fun,games
lets start game,games
lets kick off game,games
lets game it,games
ready set game,games
its game time,games
lets game together,games
lets engage game,games
lets play game,games
time for game,games
game fun,games
game on,games
lets start playing,games
lets begin game,games
lets have game,games
lets get started,games
lets play,games
lets have a blast,games
lets have a good time,games
lets game now,games
lets game together,games
lets have a go,games
lets get into game,games
can we play a game,games
tell me my location,location
tell the location please,location
please share your location,location
let me know your location,location
share your current location,location
could you provide your location,location
your location please,location
inform me of your location,location
where are you located,location
state your location,location
kindly share your location,location
your whereabouts,location
what is your location,location
advise on your location,location
disclose your location,location
where can i find you,location
what's your site,location
tell me your position,location
"whereabouts, please",location
share your coordinates,location
give me your location,location
inform your location,location
what's your place,location
tell me where you are,location
could you tell me your location,location
i need your location,location
inform me your location,location
reveal your location,location
where are you,location
let me know your whereabouts,location
where are you at,location
what's your location,location
open file,open file
open the file,open file
start file,open file
start the file,open file
access file,open file
access the file,open file
launch file,open file
launch the file,open file
begin file,open file
begin the file,open file
initiate file,open file
initiate the file,open file
commence file,open file
commence the file,open file
unveil file,open file
unveil the file,open file
uncover file,open file
uncover the file,open file
reveal file,open file
reveal the file,open file
load file,open file
load the file,open file
fire up file,open file
fire up the file,open file
kick off file,open file
kick off the file,open file
activate file,open file
activate the file,open file
kickstart file,open file
kickstart the file,open file
i want to open a file,open file
could you open a file,open file
open a file jarvis,open file
open a file jarvis,open file
open a file for me,open file
can you open a file,open file
can you open file,open file
thank you jarvis exit,exit
jarvis you can now exit,exit
exit now,exit
jarvis exit,exit
exit ,exit
exit please,exit
thank you for your help jarvis,exit
you can exit,exit
exit jarvis,exit
please exit,exit
i want to send an email,mail
send an email jarvis,mail
send an email ,mail
i want to send a mail,mail
send a mail,mail
send a mail jarvis,mail
construct a mail,mail
write an email,mail
i want to send a gmail,mail
send a gmail,mail
